date,path
,images/2005-01-19_titan8km_huygens_big.jpg
,images/2005-01-20_waterspout_noaa_big.jpg
,images/2005-01-21_rockshield_opportunity_big.jpg
,images/2005-01-22_voynich_schaefer_big.gif
,images/2005-01-23_ngc2440_hst4_big.jpg
,images/2005-01-24_titancoast_huygens_big.jpg
,images/2005-01-25_ngc6946_gemini_big.jpg
,images/2005-01-26_delta4heavy_ecliptic_big.gif
,images/2005-01-27_wiroshadow_bonnell_f.jpg
,images/2005-01-28_swarm_cxc_labelf.jpg
,images/2005-01-29_MaunaLoaSkies_Magrath_full.jpg
,images/2005-01-30_teapotsirds_winfree_big.gif
,images/2005-01-31_ngc2467_gemini_big.jpg
,images/2005-02-01_iapetus_cassini_big.jpg
,images/2005-02-02_CorkscrewMeteor_westlake_big.jpg
,images/2005-02-03_pythagorasCrater_smart_m1.jpg
,images/2005-02-04_v838monOct2004_hst_f.jpg
,images/2005-02-05_408_allsky_big.gif
,images/2005-02-06_ngc3132_hst_big.jpg
,images/2005-02-07_laser_keck_big.jpg
,images/2005-02-08_HLmystery_nsl.gif
,images/2005-02-09_landingspot_opportunity_big.jpg
,images/2005-02-10_redSaturn_keck_full.jpg
,images/2005-02-11_mimasBlue_cassini_full.jpg
,images/2005-02-12_nearmontage_vantuyne_big.jpg
,images/2005-02-13_virgocenter_cfht_big.jpg
,images/2005-02-14_rosette_crisp_big.jpg
,images/2005-02-15_rhea_cassini_big.jpg
,images/2005-02-16_spotmorph_dot_big.gif
,images/2005-02-17_chasma_marsExpress_f50.jpg
,images/2005-02-18_umacastle_credner_full.jpg
,images/2005-02-19_saturnaurora_hst_big.jpg
,images/2005-02-20_oklo15_curtin.gif
,images/2005-02-21_magnetarburst_mallozzi_big.jpg
,images/2005-02-22_saturnauroras_hst_big.jpg
,images/2005-02-23_iceberg_modis_big.gif
,images/2005-02-24_enceladus_cassini_full.jpg
,images/2005-02-25_dragonstorm_cassini_full.jpg
,images/2005-02-26_illume_wasilewski_full.jpg
,images/2005-02-27_solarspectrum_noao.jpg
,images/2005-02-28_marsplates_express_big.jpg
,images/2005-03-01_ngc1532_gemini_big.jpg
,images/2005-03-02_earthquake_usgs_big.gif
,images/2005-03-03_ngc2170_seip_full.jpg
,images/2005-03-04_ngc1427a_hst_full.jpg
,images/2005-03-05_moon8_mandel_big.jpg
,images/2005-03-06_everest_mackenzie.jpg
,images/2005-03-07_mercarc_cook_big.jpg
,images/2005-03-08_mimas_cassini_big.jpg
,images/2005-03-09_sunhalo_vydor_big.jpg
,images/2005-03-10_california_palomar_full.jpg
,images/2005-03-11_m57_ssc_full.jpg
,images/2005-03-12_accretion_mpowen_full.jpg
,images/2005-03-13_etmessage_nrao.gif
,images/2005-03-14_foxfur_croman_big.jpg
,images/2005-03-15_marscliffs_express_big.jpg
,images/2005-03-16_markarian_gilbert_big.jpg
,images/2005-03-17_enceladus_cassini_03_full.jpg
,images/2005-03-18_MoonMercMonaco_jacques_full.jpg
,images/2005-03-19_ngc2266_credner_big.jpg
,images/2005-03-20_sun2_sts68_big.jpg
,images/2005-03-21_horsehead_steinberg_big.jpg
,images/2005-03-22_freeflyer_nasa_big.jpg
,images/2005-03-23_dustdevil_spirit_big.jpg
,images/2005-03-24_s147_gendler_full.jpg
,images/2005-03-25_huygens_lens_f1.jpg
,images/2005-03-26_crab_xrayopt_full.jpg
,images/2005-03-27_qso2237_wiyn.jpg
,images/2005-03-28_tether_sts46_big.jpg
,images/2005-03-29_titandione_cassini_big.jpg
,images/2005-03-30_m74_cxcnoao_compx.jpg
,images/2005-03-31_grayEarth_petry.jpg
,images/2005-04-01_WaterOnMars2_gcc_big.jpg
,images/2005-04-02_CygX1_mirabel_labfull.jpg
,images/2005-04-03_gcradioarc_vla_big.jpg
,images/2005-04-04_ngc1316_hst_big.jpg
,images/2005-04-05_planeteclipse_spitzer_big.jpg
,images/2005-04-06_m7_cook_big.jpg
,images/2005-04-07_antarcticeclipse_bruenjes.jpg
,images/2005-04-08_ngc3628_croman_full.jpg
,images/2005-04-09_etrunkcomp_sst_full.jpg
,images/2005-04-10_venus4_mag_big.jpg
,images/2005-04-11_eclipse_verdin_big.jpg
,images/2005-04-12_earthmars_alves_big.jpg
,images/2005-04-13_amateur_wienerroither.jpg
,images/2005-04-14_MoonM45_lodriguss_full.jpg
,images/2005-04-15_rcw79_spitzer_medf.jpg
,images/2005-04-16_ngc6751_hst_big.jpg
,images/2005-04-17_asteroids_hst_big.jpg
,images/2005-04-18_enceladus_cassini_big.jpg
,images/2005-04-19_orion_iras_big.jpg
,images/2005-04-20_bigorion_wang_big.jpg
,images/2005-04-21_g21_xray_full.jpg
,images/2005-04-22_einsteinNAS_piepol_full.jpg
,images/2005-04-23_lunarecl_msx_big.jpg
,images/2005-04-24_pillars4_hst_big.jpg
,images/2005-04-25_heic0506b_hst_big.jpg
,images/2005-04-26_dustdevil5_spirit_big.gif
,images/2005-04-27_hercules_misti_big.jpg
,images/2005-04-28_m51_hst_lgx.jpg
,images/2005-04-29_epim_cas_full.jpg
,images/2005-04-30_moonmir_sts91_big.jpg
,images/2005-05-01_mz3_hst_big.jpg
,images/2005-05-02_methuselah_spirit_big.jpg
,images/2005-05-03_lighthouse_landolfi_big.jpg
,images/2005-05-04_saturnplane_cassini_big.jpg
,images/2005-05-05_mira_illustration.jpg
,images/2005-05-06_hybrid_merge_1.jpg
,images/2005-05-07_ngc3314_keel_big.jpg
,images/2005-05-08_dip_cobe.gif
,images/2005-05-09_ngc6559_cfht_big.jpg
,images/2005-05-10_brownplanet_eso_big.jpg
,images/2005-05-11_sombrero_spitzer_big.jpg
,images/2005-05-12_Tempel20_schedler_full.jpg
,images/2005-05-13_YoungMoon0_seip_full.jpg
,images/2005-05-14_ngc3370_hst_full.jpg
,images/2005-05-15_nscollide_ukff.png
,images/2005-05-16_art1_deepimpact_big.jpg
,images/2005-05-17_larryslookout_spirit_big.jpg
,images/2005-05-18_titan_huygens_big.jpg
,images/2005-05-19_orion_cxo_ff.jpg
,images/2005-05-20_aurora_051505_richard_ff.jpg
,images/2005-05-21_b72neb_stevens_full.jpg
,images/2005-05-22_halebopp_gleason_big.jpg
,images/2005-05-23_wavemaker_cassini_big.jpg
,images/2005-05-24_ic4678_siarkiewiczs_big.jpg
,images/2005-05-25_radiosaturn_cassini_big.jpg
,images/2005-05-26_m20_jacobsen_full.jpg
,images/2005-05-27_titanspot_cassini_full.jpg
,images/2005-05-28_himalaya_iss1_big.jpg
,images/2005-05-29_sag_dmd_big.jpg
,images/2005-05-30_rheaspot_cassini_big.jpg
,images/2005-05-31_m20_cfht_big.jpg
,images/2005-06-01_wd_cxc_full.jpg
,images/2005-06-02_etacar_spitzer_f2048.jpg
,images/2005-06-03_m27_metcalf_big.jpg
,images/2005-06-04_spacewalk_gemini4_f.jpg
,images/2005-06-05_milkywayband_gleason_big.jpg
,images/2005-06-06_ringsandmoon_cassini_big.jpg
,images/2005-06-07_ngc3718etc_schedler_full.jpg
,images/2005-06-08_n63a_hst_big.jpg
,images/2005-06-09_venusret_laveder_full.jpg
,images/2005-06-10_titanvolcano_cassini_full.jpg
,images/2005-06-11_earthterminator_iss002_full.jpg
,images/2005-06-12_m2-9b_hst_big.jpg
,images/2005-06-13_tornado_nguyen_big.jpg
,images/2005-06-14_gj876_cook.jpg
,images/2005-06-15_casa_spitzer_big.jpg
,images/2005-06-16_bobjerry_vermeer_map7.jpg
,images/2005-06-17_SMCHambschGendlerFull.jpg
,images/2005-06-18_galaxysample_block_big.jpg
,images/2005-06-19_noctilucent_pp_big.gif
,images/2005-06-20_marssunset_spirit_big.jpg
,images/2005-06-21_goldenwall_sherick_big.jpg
,images/2005-06-22_backview_cassini_big.jpg
,images/2005-06-23_moonrise_ayiomamitis.jpg
,images/2005-06-24_Westlake3Planets061905.jpg
,images/2005-06-25_venus2_gal_full.jpg
,images/2005-06-26_galaxysky_2mass_big.jpg
,images/2005-06-27_m22_cfht_big.jpg
,images/2005-06-28_fornaxa_nrao_big.jpg
,images/2005-06-29_tempel1_deepimpact_big.jpg
,images/2005-06-30_mvs062505_gabany_sm.jpg
,images/2005-07-01_fomalhaut_hst_wf.jpg
,images/2005-07-02_mvsJun28_sparkes_f.jpg
,images/2005-07-03_tempel1_swiftUVOT_f.jpg
,images/2005-07-04_maunakea_cfht_big.jpg
,images/2005-07-05_impact13sec_deepimpact_hri.jpg
,images/2005-07-06_tempel1_its_mov.jpg
,images/2005-07-07_fireglowstartrails_scott_f.jpg
,images/2005-07-08_ngc4565_gendler_big.jpg
,images/2005-07-09_rhooph_noao_big.jpg
,images/2005-07-10_orionprop_hst_big.jpg
,images/2005-07-11_kilimanjaro_hogen_big.jpg
,images/2005-07-12_MVLaunch_eud_f.jpg
,images/2005-07-13_LunarAnalemma_richins_f.jpg
,images/2005-07-14_startrails_wienerroither_big.jpg
,images/2005-07-15_jul8_westlake_f.jpg
,images/2005-07-16_hcg87_gmoss_full.jpg
,images/2005-07-17_CenA_wfpc2_big.jpg
,images/2005-07-18_tempel1_hst_big.jpg
,images/2005-07-19_m51sn_gabany_big.jpg
,images/2005-07-20_icecrater_marsexpress.jpg
,images/2005-07-21_47tuc_chandra_f.jpg
,images/2005-07-22_TethysRingShadow_cassini_f.jpg
,images/2005-07-23_RingNebGal_hallas_full.jpg
,images/2005-07-24_chicagofall_navarro.jpg
,images/2005-07-25_ngc1275_wiyn_big.jpg
,images/2005-07-26_hyperion_cassini_big.jpg
,images/2005-07-27_shuttle03_nasa_big.jpg
,images/2005-07-28_abell39_misti_f.jpg
,images/2005-07-29_sts114iss_ayiomamitis.jpg
,images/2005-07-30_m106_block_full.jpg
,images/2005-07-31_2003ub313_palomar.jpg
,images/2005-08-01_2003ub313drawing_palomar_big.jpg
,images/2005-08-02_shuttle_sts114_big.jpg
,images/2005-08-03_m8_sherick_big.jpg
,images/2005-08-04_m46m47_hetlage_f.jpg
,images/2005-08-05_threesuns_jpl_f.jpg
,images/2005-08-06_perseidMeteors_bruenjes_big.jpg
,images/2005-08-07_auroradouble_hoffman_big.jpg
,images/2005-08-08_mars4_pacholka_big.jpg
,images/2005-08-09_beltofvenus_cockman_big.jpg
,images/2005-08-10_ic1805wide_crisp_big.jpg
,images/2005-08-11_NGC7129NM_gendler_f.jpg
,images/2005-08-12_MeteorMovie_brosch_big.gif
,images/2005-08-13_snr0103_chandra_full.jpg
,images/2005-08-14_coronaloop_trace_big.jpg
,images/2005-08-15_perseids05_seip_big.gif
,images/2005-08-16_iss_sts114_big.jpg
,images/2005-08-17_paranalplanets_guisard_f.jpg
,images/2005-08-18_sylvia_compo680.jpg
,images/2005-08-19_ngc1_gabany_f.jpg
,images/2005-08-20_ngc300_hst_full.jpg
,images/2005-08-21_lenticular_hawaii_big.gif
,images/2005-08-22_khali_opportunity_big.jpg
,images/2005-08-23_pacman_cannistra_big.jpg
,images/2005-08-24_epimetheus2_cassini.jpg
,images/2005-08-25_MWart_spitzer_f50.jpg
,images/2005-08-26_LunarGreenFlash_laveder_f.jpg
,images/2005-08-27_ISS_PaVa_f.jpg
,images/2005-08-28_g2_bowman_big.jpg
,images/2005-08-29_katrina_goes12_big.jpg
,images/2005-08-30_albireo_yandrik_big.jpg
,images/2005-08-31_sunrise_nesheim_big.jpg
,images/2005-09-01_ngc4725_spitzer_f.jpg
,images/2005-09-02_trumpler14_cxc_f.jpg
,images/2005-09-03_venus180hem_magellan_big.jpg
,images/2005-09-04_halebopp5_aac_big.jpg
,images/2005-09-05_47tuc_salt_big.jpg
,images/2005-09-06_enceladusstripes_cassini_big.jpg
,images/2005-09-07_husbandhill_spirit_big.jpg
,images/2005-09-08_IC1396_demartin_f.jpg
,images/2005-09-09_MoonRiver_ouellet_f.jpg
,images/2005-09-10_sn1993jsurvivor_esa_34443.jpg
,images/2005-09-11_jupiterbrain_cassini_big.jpg
,images/2005-09-12_ngc520_gemini_big.jpg
,images/2005-09-13_quadsky_wilson_big.jpg
,images/2005-09-14_boomerang_hst_big.jpg
,images/2005-09-15_tempel1Res_deepimpact_f.jpg
,images/2005-09-16_sep11aurora_moussette_f.jpg
,images/2005-09-17_shadowphobos3_mgs_big.jpg
,images/2005-09-18_m42_gleason_big.jpg
,images/2005-09-19_itokawa_hayabusa.gif
,images/2005-09-20_m1_not_big.jpg
,images/2005-09-21_titanshore_cassini_big.jpg
,images/2005-09-22_RedFlash_seip_f.jpg
,images/2005-09-23_ryTau_gemini_f.jpg
,images/2005-09-24_catsEye_hst_full.jpg
,images/2005-09-25_sky_wmap_big.jpg
,images/2005-09-26_virgo_kpno.jpg
,images/2005-09-27_ced214_outters_big.jpg
,images/2005-09-28_minotaur_hilton_big.jpg
,images/2005-09-29_AngelNebula_mandel_f1.jpg
,images/2005-09-30_ic1396b_wright_f50.jpg
,images/2005-10-01_ngc613_eso_full.jpg
,images/2005-10-02_etnaboom_fulle.jpg
,images/2005-10-03_hyperion2_cassini_big.jpg
,images/2005-10-04_allskymilkyway_brunier_big.jpg
,images/2005-10-05_annular_seip_big.jpg
,images/2005-10-06_ngc1350_eso_f.jpg
,images/2005-10-07_madrid05_hartog_1200f.jpg
,images/2005-10-08_arp295_kelly_full.jpg
,images/2005-10-09_tma2_nasa_big.jpg
,images/2005-10-10_stormysaturn_cassini_big.jpg
,images/2005-10-11_doublecluster_davis_big.jpg
,images/2005-10-12_tethysflyby_cassini_big.jpg
,images/2005-10-13_OrionBeltx_demartin_f.jpg
,images/2005-10-14_eclipseshirt_haake_f.jpg
,images/2005-10-15_etacar_msx_big.jpg
,images/2005-10-16_quiltlarge_ross_bright.jpg
,images/2005-10-17_nsmerger_heasarc_big.jpg
,images/2005-10-18_flamingstar_davis_big.jpg
,images/2005-10-19_MoonVenusMars_espenak_full.jpg
,images/2005-10-20_m31red_spitzer_big.jpg
,images/2005-10-21_DioneRingside_cassini_f.jpg
,images/2005-10-22_ringam2_hst_big.jpg
,images/2005-10-23_mwcentre_eso_big.jpg
,images/2005-10-24_angularsand_spirit.jpg
,images/2005-10-25_n132d_heritage_big.jpg
,images/2005-10-26_dione4500_cassini_big.jpg
,images/2005-10-27_lastTitan_vandenberg_f.jpg
,images/2005-10-28_mars102205_cook_f.jpg
,images/2005-10-29_n3242b_hst_f.jpg 
,images/2005-10-31_marshalloween_pacholka_big.jpg
,images/2005-11-01_soyuzapproach_iss_big.jpg
,images/2005-11-02_interchangeable_cassini_big.jpg
,images/2005-11-03_plutoMoons_hst_f1.jpg
,images/2005-11-04_M78_messner_f.jpg
,images/2005-11-05_spaceaurora_iss_big.jpg
,images/2005-11-06_sunspot_vtt_big.jpg
,images/2005-11-07_bubble_croman_big.jpg
,images/2005-11-08_marsdrifts_opportunity_big.jpg
,images/2005-11-09_sunflame_soho_big.jpg
,images/2005-11-10_gravtug_durda_smallf.jpg
,images/2005-11-11_Mountains_spitzer_f.jpg
,images/2005-11-12_pan_surveyor6_full.jpg
,images/2005-11-13_lunation_ajc.gif
,images/2005-11-14_everest_spirit_big.jpg
,images/2005-11-15_taurid_nsl_big.jpg
,images/2005-11-16_itokawa2_hayabusa_big.jpg
,images/2005-11-17_ngc346_hst_lf54.jpg
,images/2005-11-18_ngc2169_carboni_f1.jpg
,images/2005-11-19_ngc2359_smith_full.jpg
,images/2005-11-20_aurorarays_anderson_big.jpg
,images/2005-11-21_itokawa05_hayabusa_big.jpg
,images/2005-11-22_abell1185_cfht_big.jpg
,images/2005-11-23_pandora_cassini.jpg
,images/2005-11-24_ngc1333_spitzer_f.jpg
,images/2005-11-25_moonantarctica_behrens_f.jpg
,images/2005-11-26_solar3d1_piepol_f.jpg
,images/2005-11-27_v838feb04_hst_bck.jpg
,images/2005-11-28_husbandhill_av3_spirit_big.jpg
,images/2005-11-29_simeis_demartin_big.jpg
,images/2005-11-30_horsehead_verschatse_f.jpg
,images/2005-12-01_soho10_hill_f.jpg
,images/2005-12-02_crabmosaic_hst_f.jpg
,images/2005-12-03_astro1_sts35_big.jpg
,images/2005-12-04_proximacen1_aao_big.jpg
,images/2005-12-05_enceladusfountains_cassini_big.jpg
,images/2005-12-06_veil_svalgaard_big.jpg
,images/2005-12-07_eunight2_pv_big.jpg
,images/2005-12-08_perseusCluster_cxc_f.jpg
,images/2005-12-09_moonvenus3_bush_f.jpg
,images/2005-12-10_ap17ksc_72pc589_full.jpg
,images/2005-12-11_tarantula_hst_big.jpg
,images/2005-12-12_tarantula_ctio_big.jpg
,images/2005-12-13_rheacloseup_cassini_big.jpg
,images/2005-12-14_enduranceplus_opportunity_big.jpg
,images/2005-12-15_encore_doescher_f.jpg
,images/2005-12-16_galPlane_spitzer_f25.jpg
,images/2005-12-17_as17-140-21391.jpg
,images/2005-12-18_m83_vlt_big.jpg
,images/2005-12-19_thinring2_cassini_big.jpg
,images/2005-12-20_startrails_gemini_big.jpg
,images/2005-12-21_sunrisebyseason_ayiomamitis_big.jpg
,images/2005-12-22_m31_gendler_Nmosaic1.jpg
,images/2005-12-23_redrosedust_wright_f2000.jpg
,images/2005-12-24_as8-14-2383HR.jpg
,images/2005-12-25_cone_gabany_big.jpg
,images/2005-12-26_sn1006_chandra_big.jpg
,images/2005-12-27_witch_hubl_big.jpg
,images/2005-12-28_itokawa06_hayabusa_big.jpg
,images/2005-12-29_iris_cfht_big.jpg
,images/2005-12-30_perseusCluster_crawford_f.jpg
,images/2005-12-31_dione_PIA07771.jpg
,images/2006-01-01_earth_vg1_big.jpg
,images/2006-01-02_pillarmaine_orloski_big.jpg
,images/2006-01-03_iapetus3_cassini_big.jpg
,images/2006-01-04_haleakalaMoon_ratkowski_f.jpg
,images/2006-01-05_mars_spirit_PIA03274_f.jpg
,images/2006-01-06_tarantula_moore_f.jpg
,images/2006-01-07_as17-149-22859HR.jpg
,images/2006-01-08_tadpole_hst_big.jpg
,images/2006-01-09_pleiades_gendler_big.jpg
,images/2006-01-10_venusphases_wah_big.gif
,images/2006-01-11_ic410_crawford_f.jpg
,images/2006-01-12_helix_spitzer_f50.jpg
,images/2006-01-13_gcenter_spitzer_f40.jpg
,images/2006-01-14_lunokhod.jpg
,images/2006-01-15_sombrero_hst_big.jpg
,images/2006-01-16_stardustcomposite_nasa.jpg
,images/2006-01-17_rollcloud_bush_big.jpg
,images/2006-01-18_cartwheel_5panel.jpg
,images/2006-01-19_m42_hst_f.jpg
,images/2006-01-20_llori_orion_hst_f.jpg
,images/2006-01-21_bean_conrad_full.jpg
,images/2006-01-22_drad_daly_big.jpg
,images/2006-01-23_lmcgas_ctio_big.jpg
,images/2006-01-24_NHLaunch_cooper_8.jpg
,images/2006-01-25_lmcechoes_ctio.gif
,images/2006-01-26_twotonerock_spirit_big.jpg
,images/2006-01-27_saturnetempete250106_2.jpg
,images/2006-01-28_SaturnM44012506_westlake_f.jpg
,images/2006-01-29_volcanoaurora2_shs.jpg
,images/2006-01-30_NGC1999NMM_gendler_f.jpg
,images/2006-01-31_titan_huygens_big.jpg
,images/2006-02-01_venuslemma_tezel_big.jpg
,images/2006-02-02_thor_goldman_f.jpg
,images/2006-02-03_hh49_spitzer_f.jpg
,images/2006-02-04_shadowset_bonnell_e.jpg
,images/2006-02-05_sunpillar_kirkpatrick.jpg
,images/2006-02-06_n44_gemini_big.jpg
,images/2006-02-07_ub313_lombry_big.jpg
,images/2006-02-08_tethysbasin_cassini_big.jpg
,images/2006-02-09_ngc1309friends_hst_f.jpg
,images/2006-02-10_M8_mistidavis_f.jpg
,images/2006-02-11_alpinepanorama_friedman_f.jpg
,images/2006-02-12_phoebe_cassini_big.jpg
,images/2006-02-13_n44_eso_big.jpg
,images/2006-02-14_rosetta_outters_big.jpg
,images/2006-02-15_titanrotating_cassini_big.gif
,images/2006-02-16_Mooncolor060110schedler_35.jpg
,images/2006-02-17_PupAsnr_cxc_f.jpg
,images/2006-02-18_mirdream_sts76_big.jpg
,images/2006-02-19_m51center_hst_big.jpg
,images/2006-02-20_suitsat1_nasa_big.jpg
,images/2006-02-21_horseregion_ssro_big.jpg
,images/2006-02-22_telesto_cassini_big.jpg
,images/2006-02-23_saturnstormPIA07788_cassini_f.jpg
,images/2006-02-24_rs_ophiuci_021606_f.jpg
,images/2006-02-25_sofia_backman_f.jpg
,images/2006-02-26_eagle_kp09_big.jpg
,images/2006-02-27_grb060218_sdssswift_big.jpg
,images/2006-02-28_flamingstar_cfht.jpg
,images/2006-03-01_universes_pickover.jpg
,images/2006-03-02_m101_hst_f.jpg
,images/2006-03-03_pojmanski_tezel_20060302f.jpg
,images/2006-03-04_cena_spitzer_full.jpg
,images/2006-03-05_pillars_tape_big.jpg
,images/2006-03-06_pojmanski_schur_big.jpg
,images/2006-03-07_m100_vlt_big.jpg
,images/2006-03-08_iceberg_nasa.jpg
,images/2006-03-09_TrioLeo_verschatseNRGBhi.jpg
,images/2006-03-10_enceladus_cassini_PIA07800f.jpg
,images/2006-03-11_c2006a1_blockGabany_f.jpg
,images/2006-03-12_m3_noao_big.jpg
,images/2006-03-13_zmachine_sandia_big.jpg
,images/2006-03-14_cg4_noao_big.jpg
,images/2006-03-15_paigepan_spirit_big.jpg
,images/2006-03-16_KeyholeMapped_moore_f.jpg
,images/2006-03-17_bigdipper_carboni_f.jpg
,images/2006-03-18_redjr_salway_e.jpg
,images/2006-03-19_innersolsys_cfa_big.gif
,images/2006-03-20_superearths_cfa_big.jpg
,images/2006-03-21_coma_misti_big.jpg
,images/2006-03-22_enceladusring_cassini_big.jpg
,images/2006-03-23_CMB_Timeline300.jpg
,images/2006-03-24_Rosette_ballauer_2400.jpg
,images/2006-03-25_marsSyrtis_mgs_f.jpg
,images/2006-03-26_etacar_hst_big.jpg
,images/2006-03-27_aldrinseismometer_apollo11_big.jpg
,images/2006-03-28_EarthRide_iau.gif
,images/2006-03-29_aurora_andreassen_big.jpg
,images/2006-03-30_tse2006_ayiomamitis_f.jpg
,images/2006-03-31_tse2006_sohocomp3_f.jpg
,images/2006-04-01_gcmoon_ranger9_big.gif
,images/2006-04-02_message_dutil.gif
,images/2006-04-03_n6727_noao_big.jpg
,images/2006-04-04_eclipse2006_seip_big.jpg
,images/2006-04-05_rhearings_cassini_big.jpg
,images/2006-04-06_brightsoil_spirit_big.jpg
,images/2006-04-07_tse2006_03_29corona_vangorp_f1800.jpg
,images/2006-04-08_tse2006landscape_heinsius_f.jpg
,images/2006-04-09_barnard68_vlt_big.jpg
,images/2006-04-10_marscolor1_hirise_f.jpg
,images/2006-04-11_sunhalobirds_wilson_big.jpg
,images/2006-04-12_3c75blackholes_cxc_f.jpg
,images/2006-04-13_dcmontage_suro_1200.jpg
,images/2006-04-14_m82_spitzer_f.jpg
,images/2006-04-15_M81_M82_schedler_c80.jpg
,images/2006-04-16_equinoxprom_eit_big.jpg
,images/2006-04-17_horseloop_erdman_big.jpg
,images/2006-04-18_ngc246_gemini_f.jpg
,images/2006-04-19_marsm35_schur_f.jpg
,images/2006-04-20_n281_hst_big.jpg
,images/2006-04-21_ngc253_gabany_f.jpg
,images/2006-04-22_Mars2005_6_tezel_f.jpg
,images/2006-04-23_solarspectrum_noao.jpg
,images/2006-04-24_cloudsclouds_beinert.jpg
,images/2006-04-25_cigar_hst_big.jpg
,images/2006-04-26_cometsw_eso_big.jpg
,images/2006-04-27_ngc4696_compCXC_f.jpg
,images/2006-04-28_ngc7635_ddemartin_f.jpg
,images/2006-04-29_skylab_nasa_big.jpg
,images/2006-04-30_sn1006_tezel_full.jpg
,images/2006-05-01_ngc290_hst_big.jpg
,images/2006-05-02_sunspot0875_piepol_big.jpg
,images/2006-05-03_saturn4_cassini_big.jpg
,images/2006-05-04_fragb_73p_hst_f.jpg
,images/2006-05-05_redspot2_hst_f.jpg
,images/2006-05-06_draco3_heutz_f.jpg
,images/2006-05-07_ngc2440_hst4_big.jpg
,images/2006-05-08_titan5km_huygens_big.jpg
,images/2006-05-09_slabsthelens_usgs_big.jpg
,images/2006-05-10_lmc_whw_big.jpg
,images/2006-05-11_c73pM57_seip_f.jpg
,images/2006-05-12_c73pM57_walker_f.jpg
,images/2006-05-13_c73pTrail_spitzer_f50.jpg
,images/2006-05-14_vla2_nrao_big.jpg
,images/2006-05-15_bumpyboulder_spirit_big.jpg
,images/2006-05-16_iss2_sts114_big.jpg
,images/2006-05-17_grbhosts_hst_big.jpg
,images/2006-05-18_lmc_gleason_f.jpg
,images/2006-05-19_Vela_50mm_HaRGB_1000.jpg
,images/2006-05-20_m87_gendler_f.jpg
,images/2006-05-21_ipolar_garlick.jpg
,images/2006-05-22_robinson_sts114_big.jpg
,images/2006-05-23_sw3_vsoske_big.gif
,images/2006-05-24_quasar5_hst_big.jpg
,images/2006-05-25_ngc1579_gabany_lc.jpg
,images/2006-05-26_omegacen_crouch_f.jpg
,images/2006-05-27_moon_egret_150c.jpg
,images/2006-05-28_blackholestorm_chandra_big.jpg
